start_time,end_time,ra,dec,ha,ra_offset,dec_offset
2021-02-04 03:07:45.228,2021-02-04 03:08:15.228,+03:57:29.74,+18:57:0.1,+00:19:38.53,165.782973,69.996332
2021-02-04 03:11:49.807,2021-02-04 03:12:19.807,+03:28:29.75,+18:57:0.1,+00:52:44.12,167.588205,68.786851
2021-02-04 03:15:15.818,2021-02-04 03:15:45.818,+04:11:22.7,+33:21:0.1,+00:13:8.61,159.05854,72.203858
2021-02-04 03:16:37.315,2021-02-04 03:17:07.315,+03:09:6.48,+33:21:0.1,+01:16:50.36,160.654222,68.346326
2021-02-04 03:17:17.994,2021-02-04 03:17:47.994,+02:37:58.37,+33:21:0.1,+01:48:40.63,158.00257,64.158348
2021-02-04 03:17:58.602,2021-02-04 03:18:28.602,+03:09:6.48,+33:21:0.1,+01:18:11.59,157.039719,68.511154
2021-02-04 03:18:39.070,2021-02-04 03:19:09.070,+03:03:54.14,+40:33:0.1,+01:24:0.43,151.244075,70.179254
2021-02-04 03:19:19.610,2021-02-04 03:19:49.610,+03:38:5.68,+40:33:0.1,+00:50:27.44,147.751352,73.327506
2021-02-04 03:20:00.105,2021-02-04 03:20:30.105,+03:03:54.14,+40:33:0.1,+01:25:22.6,150.235987,70.079039
2021-02-04 03:20:44.439,2021-02-04 03:21:14.439,+01:52:32.48,+54:57:0.1,+02:37:27.46,136.391135,59.677349
2021-02-04 03:21:29.475,2021-02-04 03:21:59.475,+00:34:17.14,+69:21:0.1,+03:56:37.32,117.117879,38.266268
2021-02-04 03:22:10.409,2021-02-04 03:22:40.409,+00:47:60,+76:33:0.1,+03:43:23.17,112.103058,44.006264
2021-02-04 03:24:15.561,2021-02-04 03:24:45.561,+02:49:26.69,+47:45:0.1,+01:44:2.36,128.491328,73.458245
2021-02-04 03:30:39.047,2021-02-04 03:31:09.047,+05:13:38.93,+33:20:59.9,-00:33:43.05,159.276582,65.399485
2021-02-04 03:33:04.664,2021-02-04 03:33:34.664,+05:29:56.18,-24:15:0.1,-00:47:4.67,128.670111,89.090171
2021-02-04 03:33:45.155,2021-02-04 03:34:15.155,+05:18:6.8,-17:03:0.1,-00:34:38.05,134.712421,89.507223
2021-02-04 03:35:46.868,2021-02-04 03:36:16.868,+05:01:23.48,+04:32:59.9,-00:16:3.84,156.940362,77.397857
2021-02-04 03:36:28.547,2021-02-04 03:36:58.547,+04:55:29.64,+18:57:00,-00:09:34.93,163.423022,66.421047
2021-02-04 03:40:32.444,2021-02-04 03:41:02.444,+04:04:39.94,+26:09:0.1,+00:45:16.97,167.264137,63.698354
2021-02-04 03:41:56.886,2021-02-04 03:42:26.886,+04:42:30.82,+33:21:00,+00:08:44.71,161.94469,69.161173
2021-02-04 03:44:00.817,2021-02-04 03:44:30.817,+04:46:28.74,+40:33:00,+00:06:45.74,134.748188,73.196511
2021-02-04 03:46:49.881,2021-02-04 03:47:19.881,+06:11:54.53,+54:56:59.9,-01:16:8.48,130.467277,59.444182
2021-02-04 03:47:30.503,2021-02-04 03:48:00.503,+06:05:6.79,+47:44:59.9,-01:08:30.38,136.655388,62.096861
2021-02-04 03:48:11.969,2021-02-04 03:48:41.969,+05:20:55.54,+40:32:59.9,-00:23:30.42,143.315439,65.314015
2021-02-04 03:48:52.633,2021-02-04 03:49:22.633,+05:55:23.56,+40:32:59.9,-00:57:17.86,141.325717,62.01399
2021-02-04 03:53:29.874,2021-02-04 03:53:59.874,+05:44:55.36,+33:20:59.9,-00:42:6.26,157.484834,65.391537
2021-02-04 03:54:10.628,2021-02-04 03:54:40.628,+06:04:59.27,+26:08:59.9,-01:01:24.49,154.184388,60.713134
2021-02-04 03:54:51.272,2021-02-04 03:55:21.272,+05:34:58.37,+26:08:59.9,-00:30:42.21,158.169586,61.984504
2021-02-04 03:55:31.991,2021-02-04 03:56:01.991,+05:53:29.54,+18:56:59.9,-00:48:29.33,155.116338,62.732117
2021-02-04 03:56:12.563,2021-02-04 03:56:42.563,+05:42:20.3,+11:44:59.9,-00:36:35.14,156.698366,64.939636
2021-02-04 03:56:53.064,2021-02-04 03:57:23.064,+05:24:29.59,+18:56:60,-00:18:6.89,160.382738,62.981785
2021-02-04 03:57:33.721,2021-02-04 03:58:03.721,+05:04:52.21,+26:09:0.1,+00:02:6.86,163.754489,61.214586
2021-02-04 03:58:15.398,2021-02-04 03:58:45.398,+05:14:24.11,+11:44:60,-00:06:35.41,161.040424,65.922891
2021-02-04 03:58:56.116,2021-02-04 03:59:26.116,+05:29:26.12,+04:32:59.9,-00:20:52.82,159.233782,66.93268
2021-02-04 04:00:17.063,2021-02-04 04:00:47.063,+05:16:5.77,-02:39:0.1,-00:06:7.77,159.428049,68.137594
2021-02-04 04:04:27.581,2021-02-04 04:04:57.581,+05:02:46.25,-09:50:60,+00:11:25.85,147.398998,88.260107
2021-02-04 04:05:08.297,2021-02-04 04:05:38.297,+04:47:58.85,-02:38:59.9,+00:26:51.08,155.317049,85.174661
2021-02-04 04:05:48.744,2021-02-04 04:06:18.744,+05:02:46.25,-09:50:60,+00:12:47.17,150.608598,87.4066
2021-02-04 04:06:29.219,2021-02-04 04:06:59.219,+04:34:34.43,-09:50:59.9,+00:41:40,149.540581,86.241865
2021-02-04 04:14:37.038,2021-02-04 04:15:07.038,+03:57:29.74,+18:57:0.1,+01:26:41.58,153.554817,68.519746
2021-02-04 04:15:17.630,2021-02-04 04:15:47.630,+03:34:33.78,+26:09:0.1,+01:50:14.96,155.090634,62.14104
2021-02-04 04:15:58.090,2021-02-04 04:16:28.090,+03:04:27.66,+26:09:0.1,+02:21:3.57,155.2542,56.425639
2021-02-04 04:16:38.817,2021-02-04 04:17:08.817,+02:34:21.5,+26:09:0.1,+02:51:51.32,148.590902,51.52314
2021-02-04 04:17:19.264,2021-02-04 04:17:49.264,+02:37:58.37,+33:21:0.1,+02:48:52.46,148.558358,55.302878
2021-02-04 04:17:59.714,2021-02-04 04:18:29.714,+02:29:42.61,+40:33:0.1,+02:57:45.57,145.385937,54.876003
2021-02-04 04:18:42.289,2021-02-04 04:19:12.289,+01:35:42.14,+33:21:0.1,+03:52:36.6,137.179622,42.073733
2021-02-04 04:20:04.861,2021-02-04 04:20:34.861,+01:21:33.55,+40:33:0.1,+04:08:6.69,128.752916,37.452293
2021-02-04 04:20:49.796,2021-02-04 04:21:19.796,+00:26:40,+62:09:0.1,+05:03:48.64,122.760134,14.707162
2021-02-04 04:21:30.249,2021-02-04 04:22:00.249,+00:34:17.14,+69:21:0.1,+04:56:48.16,119.898837,16.644867
2021-02-04 04:22:15.274,2021-02-04 04:22:45.274,+01:52:32.48,+54:57:0.1,+03:39:8.61,125.893282,48.201095
2021-02-04 04:22:56.523,2021-02-04 04:23:26.523,+02:34:54.16,+54:57:0.1,+02:57:21.5,125.30957,60.951699
2021-02-04 04:23:37.261,2021-02-04 04:24:07.261,+02:13:19.99,+62:09:0.1,+03:19:32.97,124.035945,55.633047
2021-02-04 04:24:17.712,2021-02-04 04:24:47.712,+02:34:54.16,+54:57:0.1,+02:58:42.73,125.669835,60.204458
2021-02-04 04:25:03.478,2021-02-04 04:25:33.478,+04:00:27.97,+54:57:0.1,+01:33:44.58,129.847777,76.012927
2021-02-04 04:25:43.923,2021-02-04 04:26:13.923,+03:29:35.63,+47:45:0.1,+02:05:27.51,132.341703,72.169893
2021-02-04 04:26:24.376,2021-02-04 04:26:54.376,+03:38:5.68,+40:33:0.1,+01:57:43.44,133.510259,69.583224
2021-02-04 04:27:05.163,2021-02-04 04:27:35.163,+03:40:14.59,+33:21:0.1,+01:56:20.04,138.114373,66.163179
2021-02-04 04:27:45.766,2021-02-04 04:28:15.766,+03:04:27.66,+26:09:0.1,+02:32:52.52,139.133012,54.078789
2021-02-04 04:28:26.439,2021-02-04 04:28:56.439,+02:30:29.84,+18:57:0.1,+03:07:35.62,129.96689,50.763257
2021-02-04 04:29:06.889,2021-02-04 04:29:36.889,+02:59:29.8,+18:57:0.1,+02:39:14.72,130.541213,58.277579
2021-02-04 04:29:48.564,2021-02-04 04:30:18.564,+02:41:10.43,+04:33:0.1,+02:58:21.58,124.222157,57.452878
2021-02-04 04:32:05.785,2021-02-04 04:32:35.785,+05:00:21.85,-24:14:59.9,+00:41:40.15,117.916312,92.837605
2021-02-04 04:32:46.235,2021-02-04 04:33:16.235,+04:49:47.14,-17:02:59.9,+00:52:52.14,121.983838,90.336927
2021-02-04 04:33:27.162,2021-02-04 04:33:57.162,+04:30:47.52,-24:14:59.9,+01:12:36.38,118.467704,90.337061
2021-02-04 04:34:07.791,2021-02-04 04:34:37.791,+04:49:47.14,-17:02:59.9,+00:54:13.42,121.629536,89.874571
2021-02-04 04:34:51.936,2021-02-04 04:35:21.936,+04:33:20.88,+04:33:0.1,+01:11:13.74,133.564702,82.012882
2021-02-04 04:35:36.093,2021-02-04 04:36:06.093,+05:04:52.21,+26:09:0.1,+00:40:16.04,152.634336,66.283657
2021-02-04 04:36:16.539,2021-02-04 04:36:46.539,+04:34:46.09,+26:09:0.1,+01:11:3.02,155.886221,64.183287
2021-02-04 04:36:57.354,2021-02-04 04:37:27.354,+05:13:38.93,+33:21:0.1,+00:32:45.82,150.331244,69.83464
2021-02-04 04:37:38.067,2021-02-04 04:38:08.067,+04:42:30.82,+33:21:0.1,+01:04:35.86,151.199315,67.495481
2021-02-04 04:38:18.930,2021-02-04 04:38:48.930,+04:11:22.7,+33:21:0.1,+01:36:25.3,151.862612,65.255322
2021-02-04 04:38:59.382,2021-02-04 04:39:29.382,+04:12:17.21,+40:33:0.1,+01:36:6.95,147.112206,68.450991
2021-02-04 04:39:39.837,2021-02-04 04:40:09.837,+04:46:28.74,+40:33:0.1,+01:02:33.9,144.956737,72.697357
2021-02-04 04:40:20.351,2021-02-04 04:40:50.351,+04:09:44.5,+47:45:0.1,+01:39:54.84,142.941426,70.125221
2021-02-04 04:41:08.320,2021-02-04 04:41:38.320,+05:55:23.56,+40:32:59.9,-00:04:53.32,141.29396,74.560441
2021-02-04 04:42:01.330,2021-02-04 04:42:31.330,+03:17:15.79,+54:57:0.1,+02:34:2.31,135.099756,59.987777
2021-02-04 04:42:47.960,2021-02-04 04:43:17.960,+01:42:51.44,+69:21:0.1,+04:09:12.24,118.674781,35.990057
2021-02-04 04:43:32.952,2021-02-04 04:44:02.952,+00:40:00,+87:24:0.1,+05:11:46.65,122.229954,4.730417
2021-02-04 04:44:13.408,2021-02-04 04:44:43.408,+00:47:60,+76:33:0.1,+05:05:39.66,107.273765,12.918892
2021-02-04 04:45:00.683,2021-02-04 04:45:30.683,+02:09:17.78,+47:45:0.1,+03:45:14.14,118.318038,45.115156
2021-02-04 04:45:41.653,2021-02-04 04:46:11.653,+02:49:26.69,+47:45:0.1,+03:05:41.74,121.097968,58.052704
2021-02-04 04:46:22.118,2021-02-04 04:46:52.118,+03:03:54.14,+40:33:0.1,+02:51:58.77,122.90556,59.209968
2021-02-04 04:47:02.568,2021-02-04 04:47:32.568,+03:09:6.48,+33:21:0.1,+02:47:30.2,125.449531,58.181272
2021-02-04 04:47:43.062,2021-02-04 04:48:13.062,+03:03:54.14,+40:33:0.1,+02:53:19.06,126.357371,57.352434
2021-02-04 04:48:23.520,2021-02-04 04:48:53.520,+03:09:6.48,+33:21:0.1,+02:48:51.43,125.429423,57.884642
2021-02-04 04:49:06.436,2021-02-04 04:49:36.436,+03:28:29.75,+18:57:0.1,+02:30:17,128.263215,59.677695
2021-02-04 04:49:46.913,2021-02-04 04:50:16.913,+04:04:39.94,+26:09:0.1,+01:54:42.34,139.241715,60.24581
2021-02-04 04:50:27.453,2021-02-04 04:50:57.453,+03:28:29.75,+18:57:0.1,+02:31:38.31,138.269222,55.001866
2021-02-04 04:51:08.074,2021-02-04 04:51:38.074,+03:50:35.41,+11:45:0.1,+02:10:16.21,137.461036,62.690096
2021-02-04 04:51:48.694,2021-02-04 04:52:18.694,+04:26:29.69,+18:57:0.1,+01:34:57.96,141.170789,64.039827
2021-02-04 04:52:29.328,2021-02-04 04:52:59.328,+04:55:29.64,+18:57:0.1,+01:06:38.57,146.684692,66.375496
2021-02-04 04:53:09.771,2021-02-04 04:53:39.771,+04:46:27.88,+11:45:0.1,+01:16:24.17,146.592304,67.500152
2021-02-04 04:53:50.483,2021-02-04 04:54:20.483,+05:24:29.59,+18:57:0.1,+00:38:59.45,148.66227,67.432175
2021-02-04 04:54:31.061,2021-02-04 04:55:01.061,+05:14:24.11,+11:45:0.1,+00:49:49.94,149.69429,69.067792
2021-02-04 04:55:11.727,2021-02-04 04:55:41.727,+05:01:23.48,+04:33:0.1,+01:03:34.22,149.054766,69.95251
2021-02-04 04:55:52.239,2021-02-04 04:56:22.239,+05:16:5.77,-02:38:59.9,+00:49:36.32,146.446471,72.377954
2021-02-04 04:56:32.955,2021-02-04 04:57:02.955,+05:29:26.12,+04:33:0.1,+00:36:52.59,148.533674,71.58878
2021-02-04 04:57:13.406,2021-02-04 04:57:43.406,+05:42:20.3,+11:45:0.1,+00:24:35.91,152.89154,69.908299
2021-02-04 04:57:53.857,2021-02-04 04:58:23.857,+05:53:29.54,+18:57:0.1,+00:14:2.9,150.885001,67.171294
2021-02-04 04:58:34.302,2021-02-04 04:59:04.302,+06:10:16.54,+11:44:59.9,-00:01:59.18,148.916609,69.55902
2021-02-04 04:59:15.978,2021-02-04 04:59:45.978,+05:44:12.7,-02:39:00,+00:24:52.94,150.414109,72.537601
2021-02-04 04:59:57.652,2021-02-04 05:00:27.652,+05:18:6.8,-17:02:59.9,+00:51:48.09,140.598893,85.123149
2021-02-04 05:00:38.117,2021-02-04 05:01:08.117,+05:29:56.18,-24:14:59.9,+00:40:43.71,139.971045,90.83198
2021-02-04 05:03:21.905,2021-02-04 05:03:51.905,+05:59:30.55,-24:14:59.9,+00:13:52.77,139.286278,93.9519
2021-02-04 05:04:02.494,2021-02-04 05:04:32.494,+06:29:4.88,-24:15:0.1,-00:15:0.64,137.721791,93.332668
2021-02-04 05:05:23.397,2021-02-04 05:05:53.397,+06:58:39.22,-24:15:0.1,-00:43:14.1,134.929082,90.06883
2021-02-04 05:06:03.995,2021-02-04 05:06:33.995,+07:11:25.44,-17:03:0.1,-00:55:24.19,137.141162,87.569251
2021-02-04 05:06:45.447,2021-02-04 05:07:15.447,+06:27:21.64,-09:51:0.1,-00:10:41.46,147.8953,87.565038
2021-02-04 05:07:26.087,2021-02-04 05:07:56.087,+05:59:9.85,-09:50:59.9,+00:18:11.53,154.044251,87.604125
2021-02-04 05:08:06.540,2021-02-04 05:08:36.540,+06:12:19.62,-02:39:00,+00:05:38.34,154.13311,85.467184
2021-02-04 05:08:46.985,2021-02-04 05:09:16.985,+05:57:28.73,+04:33:0.1,+00:21:5.92,160.034093,82.302607
2021-02-04 05:09:27.431,2021-02-04 05:09:57.431,+06:10:16.54,+11:45:00,+00:08:55.57,161.397477,73.503984
2021-02-04 05:10:08.571,2021-02-04 05:10:38.571,+06:25:31.33,+04:32:59.9,-00:05:34.55,161.241993,75.290558
2021-02-04 05:10:49.306,2021-02-04 05:11:19.306,+06:53:13.67,+04:32:59.9,-00:32:35.82,157.854581,74.487211
2021-02-04 05:11:29.905,2021-02-04 05:11:59.905,+06:38:29.65,+11:44:59.9,-00:17:15.28,161.946755,71.219027
2021-02-04 05:12:11.584,2021-02-04 05:12:41.584,+06:34:54.88,+26:09:00,-00:13:6.22,163.895276,65.639621
2021-02-04 05:12:52.117,2021-02-04 05:13:22.117,+06:50:57.44,+18:56:59.9,-00:28:23.45,161.850436,67.302164
2021-02-04 05:13:32.793,2021-02-04 05:14:02.793,+07:06:59.69,+11:44:59.9,-00:43:41.92,157.964716,68.259476
2021-02-04 05:14:13.433,2021-02-04 05:14:43.433,+07:20:35.66,+04:32:59.9,-00:56:33.23,154.529709,70.319415
2021-02-04 05:14:54.370,2021-02-04 05:15:24.370,+07:36:5.72,+11:44:59.9,-01:11:25.46,155.365918,65.625557
2021-02-04 05:15:34.828,2021-02-04 05:16:04.828,+07:19:10.2,+18:56:59.9,-00:53:53.58,159.89569,65.682013
2021-02-04 05:16:15.278,2021-02-04 05:16:45.278,+07:04:50.48,+26:08:59.9,-00:38:56.87,161.803129,64.893705
2021-02-04 05:17:01.839,2021-02-04 05:17:31.839,+08:33:45.61,-02:39:0.1,-02:06:51.81,148.462608,63.780892
2021-02-04 05:18:31.347,2021-02-04 05:19:01.347,+06:47:44.92,+33:20:59.9,-00:19:39.71,166.950299,69.850719
2021-02-04 05:19:11.793,2021-02-04 05:19:41.793,+07:19:9.73,+33:20:59.9,-00:50:23.9,161.360297,68.302813
2021-02-04 05:20:35.044,2021-02-04 05:21:05.044,+07:38:47.69,+40:32:59.9,-01:08:42.23,155.958515,65.224255
2021-02-04 05:22:38.796,2021-02-04 05:23:08.796,+07:04:19.63,+40:32:59.9,-00:32:11.96,158.230068,70.461295
2021-02-04 05:24:03.911,2021-02-04 05:24:33.911,+07:04:19.63,+40:32:59.9,-00:30:46.71,156.853754,70.706924
2021-02-04 05:24:44.450,2021-02-04 05:25:14.450,+07:20:30.62,+47:44:59.9,-00:46:22.73,152.60381,68.904492
2021-02-04 05:26:05.449,2021-02-04 05:26:35.449,+07:20:30.62,+47:44:59.9,-00:45:1.47,151.165249,67.944894
2021-02-04 05:26:45.901,2021-02-04 05:27:15.901,+07:39:18.4,+54:56:59.9,-01:03:16.73,147.530644,62.174466
2021-02-04 05:28:10.213,2021-02-04 05:28:40.213,+07:33:20.02,+62:08:59.9,-00:56:5.94,144.186838,64.025853
2021-02-04 05:29:33.565,2021-02-04 05:30:03.565,+06:40:0.01,+62:08:60,-00:01:25.91,136.641553,71.218035
2021-02-04 05:30:14.062,2021-02-04 05:30:44.062,+06:55:36.48,+54:56:59.9,-00:16:7.64,140.960431,65.818447
2021-02-04 05:32:47.946,2021-02-04 05:33:17.946,+05:18:6.8,-17:02:59.9,+01:24:43.52,136.642284,86.602788
2021-02-04 05:33:28.392,2021-02-04 05:33:58.392,+05:02:46.25,-09:50:59.9,+01:40:41.53,136.864697,81.262669
2021-02-04 05:34:08.839,2021-02-04 05:34:38.839,+04:49:47.14,-17:02:59.9,+01:54:24.29,134.05318,81.97516
2021-02-04 05:35:29.977,2021-02-04 05:35:59.977,+04:34:34.43,-09:50:59.9,+02:10:54.66,134.022356,76.4322
2021-02-04 05:36:10.427,2021-02-04 05:36:40.427,+04:47:58.85,-02:38:59.9,+01:58:8.01,137.090269,77.168983
2021-02-04 05:36:51.184,2021-02-04 05:37:21.184,+05:01:23.48,+04:33:0.1,+01:45:21.07,140.901008,78.264588
2021-02-04 05:37:32.321,2021-02-04 05:38:02.321,+04:19:51.92,-02:38:59.9,+02:27:37.3,135.755547,71.141546
2021-02-04 05:42:17.512,2021-02-04 05:42:47.512,+02:37:58.37,+33:21:0.1,+04:14:4.45,126.535119,40.874933
2021-02-04 05:42:58.133,2021-02-04 05:43:28.133,+02:29:42.61,+40:33:0.1,+04:22:58.52,127.712419,37.3103
2021-02-04 05:44:19.036,2021-02-04 05:44:49.036,+01:55:31.08,+40:33:0.1,+04:58:34.57,124.653207,24.573652
2021-02-04 05:44:59.488,2021-02-04 05:45:29.488,+01:29:8.92,+47:45:0.1,+05:25:36.97,122.591382,13.22999
2021-02-04 05:45:53.320,2021-02-04 05:46:23.320,+03:59:60,+83:45:0.1,+02:52:5.65,132.533957,80.919816
2021-02-04 05:46:46.520,2021-02-04 05:47:16.520,+06:40:0.01,+83:45:0.1,+00:12:24.53,122.140773,95.688698
2021-02-04 05:48:08.070,2021-02-04 05:48:38.070,+09:32:8.45,-17:03:0.1,-02:33:58.35,124.754925,61.863567
2021-02-04 05:48:53.706,2021-02-04 05:49:23.706,+08:07:46.34,-17:03:0.1,-01:08:49,133.184373,82.168735
2021-02-04 05:51:21.900,2021-02-04 05:51:51.900,+06:16:20.14,+33:21:0.1,+00:44:40.2,155.146446,67.487475
2021-02-04 05:52:06.844,2021-02-04 05:52:36.844,+06:29:51.61,+40:33:0.1,+00:31:48.34,150.149548,70.920463
2021-02-04 05:52:47.489,2021-02-04 05:53:17.489,+06:42:48.71,+47:45:0.1,+00:19:25.58,147.450769,72.553917
2021-02-04 05:53:27.938,2021-02-04 05:53:57.938,+06:42:48.71,+47:45:0.1,+00:20:5.73,147.288223,71.847972
2021-02-04 05:54:10.152,2021-02-04 05:54:40.152,+07:33:20.02,+62:08:59.9,-00:30:1.64,134.252013,64.710431
2021-02-04 05:54:51.833,2021-02-04 05:55:21.833,+07:12:00,+76:33:00,-00:09:5.06,121.426673,77.244938
2021-02-04 05:56:52.502,2021-02-04 05:57:22.502,+02:34:54.16,+54:57:0.1,+04:31:32.96,128.565458,23.351922
2021-02-04 05:57:33.062,2021-02-04 05:58:03.062,+02:34:54.16,+54:57:0.1,+04:32:13.07,128.391873,22.75097
2021-02-04 06:02:10.267,2021-02-04 06:02:40.267,+07:28:13.55,-24:15:00,-00:15:52.7,118.205623,88.938853
2021-02-04 06:02:50.716,2021-02-04 06:03:20.716,+07:39:38.95,-17:03:0.1,-00:26:41.89,119.011006,86.361477
2021-02-04 06:03:31.428,2021-02-04 06:04:01.428,+07:52:4.44,-09:51:0.1,-00:38:29.63,118.986812,82.902734
2021-02-04 06:04:11.944,2021-02-04 06:04:41.944,+07:37:2.39,-02:39:0.1,-00:22:50.51,127.722268,80.580729
2021-02-04 06:04:52.391,2021-02-04 06:05:22.391,+07:23:47.72,-09:51:0.1,-00:08:51.45,128.589109,83.363609
2021-02-04 06:05:32.842,2021-02-04 06:06:02.842,+07:37:2.39,-02:39:00,-00:21:29.35,131.206176,80.174734
2021-02-04 06:06:13.291,2021-02-04 06:06:43.291,+07:47:57.7,+04:32:59.9,-00:31:46.72,141.328027,73.975513
2021-02-04 06:06:53.740,2021-02-04 06:07:23.740,+08:05:24,-02:39:0.1,-00:48:29.88,137.586086,73.375424
2021-02-04 06:07:34.199,2021-02-04 06:08:04.199,+08:15:19.73,+04:32:59.9,-00:57:47.36,140.029016,70.907004
2021-02-04 06:08:14.874,2021-02-04 06:08:44.874,+08:05:11.72,+11:44:59.9,-00:47:2.43,147.031438,65.650365
2021-02-04 06:19:12.371,2021-02-04 06:19:42.371,+07:25:42.85,+69:21:0.1,+00:02:20.48,131.939462,69.443341
2021-02-04 06:25:27.923,2021-02-04 06:25:57.923,+08:21:59.29,+33:20:59.9,-00:46:44.36,149.277505,62.88668
2021-02-04 06:29:31.216,2021-02-04 06:30:01.216,+09:02:7.19,-02:39:0.1,-01:22:31.53,140.76666,59.876464
2021-02-04 06:30:14.334,2021-02-04 06:30:44.334,+08:07:46.34,-17:03:0.1,-00:27:21.29,137.243663,80.475622
2021-02-04 06:31:36.481,2021-02-04 06:32:06.481,+08:26:43.48,-24:15:0.1,-00:44:53.41,126.953092,83.958792
2021-02-04 06:32:16.929,2021-02-04 06:32:46.929,+08:35:53.7,-17:03:0.1,-00:53:26.94,128.875715,82.258906
2021-02-04 06:32:57.578,2021-02-04 06:33:27.578,+08:20:21.16,-09:51:0.1,-00:37:15.9,136.363508,81.467928
2021-02-04 06:33:38.132,2021-02-04 06:34:08.132,+08:33:45.61,-02:39:0.1,-00:50:2.18,138.520722,78.146202
2021-02-04 06:34:18.811,2021-02-04 06:34:48.811,+08:48:37.87,-09:51:0.1,-01:04:11.78,136.195933,77.905469
2021-02-04 06:34:59.263,2021-02-04 06:35:29.263,+08:33:45.61,-02:39:0.1,-00:48:40.98,140.178067,78.352796
2021-02-04 06:35:39.716,2021-02-04 06:36:09.716,+09:02:7.19,-02:39:0.1,-01:16:22.5,137.722673,74.710503
2021-02-04 06:36:21.395,2021-02-04 06:36:51.395,+08:34:17.76,+11:44:59.9,-00:47:56.41,157.922877,64.880043
2021-02-04 06:59:39.481,2021-02-04 07:00:09.481,+09:32:8.45,-17:03:0.1,-01:22:15.6,137.481665,73.344368
2021-02-04 07:00:20.121,2021-02-04 07:00:50.121,+09:04:1.06,-17:03:0.1,-00:53:26.37,142.611395,80.219786
2021-02-04 07:03:03.628,2021-02-04 07:03:33.628,+07:28:13.55,-24:14:59.9,+00:45:10.26,139.583986,88.467597
2021-02-04 07:03:44.299,2021-02-04 07:04:14.299,+07:11:25.44,-17:02:59.9,+01:02:36.15,141.353905,85.708473
2021-02-04 07:04:24.747,2021-02-04 07:04:54.747,+07:23:47.72,-09:50:59.9,+00:50:50.34,146.182852,83.530922
2021-02-04 07:05:05.427,2021-02-04 07:05:35.427,+07:37:2.39,-02:38:59.9,+00:38:13.48,150.709437,82.113286
2021-02-04 07:05:45.875,2021-02-04 07:06:15.875,+07:52:4.44,-09:50:59.9,+00:23:54.51,151.10338,83.891039
2021-02-04 07:06:26.779,2021-02-04 07:06:56.779,+07:37:2.39,-02:38:59.9,+00:39:34.7,151.921131,81.935877
2021-02-04 07:07:08.461,2021-02-04 07:07:38.461,+07:36:5.72,+11:45:0.1,+00:41:7.02,157.74729,72.983835
2021-02-04 07:07:48.908,2021-02-04 07:08:18.908,+07:47:57.7,+04:33:0.1,+00:29:58.41,161.807848,74.966853
2021-02-04 07:08:29.359,2021-02-04 07:08:59.359,+08:05:11.72,+11:45:0.1,+00:13:22.53,160.285066,68.920624
2021-02-04 07:09:11.070,2021-02-04 07:09:41.070,+08:33:45.61,-02:39:0.1,-00:14:23.35,155.699436,72.92515
2021-02-04 07:09:51.516,2021-02-04 07:10:21.516,+09:02:7.19,-02:39:0.1,-00:42:4.94,150.911518,71.858923
2021-02-04 07:10:32.027,2021-02-04 07:11:02.027,+08:42:41.76,+04:32:59.9,-00:22:1.96,156.261365,71.06765
2021-02-04 07:11:12.537,2021-02-04 07:11:42.537,+08:34:17.76,+11:44:59.9,-00:12:59.73,159.488116,67.306844
2021-02-04 07:11:52.987,2021-02-04 07:12:22.987,+08:43:48.47,+18:56:59.9,-00:21:53.08,159.132359,62.900325
2021-02-04 07:12:33.630,2021-02-04 07:13:03.630,+08:34:37.31,+26:08:59.9,-00:12:4.25,162.600748,61.278793
2021-02-04 07:16:57.069,2021-02-04 07:17:27.069,+08:47:43.76,+40:32:60,-00:20:53.32,159.221935,68.555104
2021-02-04 07:18:19.379,2021-02-04 07:18:49.379,+08:35:54.49,+47:44:60,-00:07:48.12,150.26547,66.598174
2021-02-04 07:19:06.584,2021-02-04 07:19:36.584,+06:55:36.48,+54:57:0.1,+01:33:2.27,142.218926,63.637466
2021-02-04 07:19:47.040,2021-02-04 07:20:17.040,+06:42:48.71,+47:45:0.1,+01:46:38.88,142.820048,66.570199
2021-02-04 07:20:29.795,2021-02-04 07:20:59.795,+05:46:40.01,+62:09:0.1,+02:43:7.96,131.65435,58.951903
2021-02-04 07:21:12.544,2021-02-04 07:21:42.544,+06:42:48.71,+47:45:0.1,+01:48:5.09,132.275921,68.284953
2021-02-04 07:21:53.192,2021-02-04 07:22:23.192,+06:05:6.79,+47:45:0.1,+02:26:27.79,135.266434,61.437405
2021-02-04 07:22:33.663,2021-02-04 07:23:03.663,+06:29:51.61,+40:33:0.1,+02:02:30.17,134.39561,63.074134
2021-02-04 07:23:17.753,2021-02-04 07:23:47.753,+05:20:55.54,+40:33:0.1,+03:12:10.82,134.638276,48.952551
2021-02-04 07:23:58.250,2021-02-04 07:24:28.250,+05:44:55.36,+33:21:0.1,+02:48:57.29,134.520009,53.279255
2021-02-04 07:24:38.969,2021-02-04 07:25:08.969,+06:16:20.14,+33:21:0.1,+02:18:12.5,139.653776,59.194144
2021-02-04 07:25:20.096,2021-02-04 07:25:50.096,+05:34:58.37,+26:09:0.1,+03:00:21.31,137.613903,46.796102
2021-02-04 07:26:00.543,2021-02-04 07:26:30.543,+06:04:59.27,+26:09:0.1,+02:31:0.32,138.910625,53.637732
2021-02-04 07:26:40.991,2021-02-04 07:27:10.991,+06:34:54.88,+26:09:0.1,+02:01:44.85,143.597757,56.345995
2021-02-04 07:27:21.661,2021-02-04 07:27:51.661,+07:04:50.48,+26:09:0.1,+01:32:30.66,148.220924,58.476574
2021-02-04 07:28:02.120,2021-02-04 07:28:32.120,+06:50:57.44,+18:57:0.1,+01:47:8.74,148.095449,59.068519
2021-02-04 07:28:42.569,2021-02-04 07:29:12.569,+07:06:59.69,+11:45:0.1,+01:31:50.33,144.497467,62.822091
2021-02-04 07:29:23.064,2021-02-04 07:29:53.064,+06:53:13.67,+04:33:0.1,+01:46:20.92,143.842886,63.356102
2021-02-04 07:30:03.518,2021-02-04 07:30:33.518,+06:25:31.33,+04:33:0.1,+02:14:43.38,138.536469,61.434254
2021-02-04 07:31:39.747,2021-02-04 07:32:09.747,+08:20:21.16,-09:50:59.9,+00:21:35.72,139.59209,84.251281
2021-02-04 07:32:20.624,2021-02-04 07:32:50.624,+08:05:24,-02:38:59.9,+00:37:11.15,140.551144,81.818468
2021-02-04 07:33:01.194,2021-02-04 07:33:31.194,+08:15:19.73,+04:33:0.1,+00:27:53.56,151.494738,76.983993
2021-02-04 07:33:41.794,2021-02-04 07:34:11.794,+08:34:17.76,+11:45:0.1,+00:09:32.98,158.508023,66.727595
2021-02-04 07:34:22.402,2021-02-04 07:34:52.402,+08:43:48.47,+18:57:00,+00:00:40.64,160.403592,62.880876
2021-02-04 07:35:02.852,2021-02-04 07:35:32.852,+08:34:17.76,+11:45:00,+00:10:54.25,161.541809,65.8002
2021-02-04 07:35:44.526,2021-02-04 07:36:14.526,+08:34:37.31,+26:09:0.1,+00:11:10.55,163.687476,60.87901
2021-02-04 07:36:29.136,2021-02-04 07:36:59.136,+07:20:35.66,+04:33:0.1,+01:26:6.15,159.311932,65.698723
2021-02-04 07:37:10.815,2021-02-04 07:37:40.815,+07:19:10.2,+18:57:0.1,+01:28:5.76,164.746636,61.34927
2021-02-04 07:37:51.848,2021-02-04 07:38:21.848,+06:38:29.65,+11:45:0.1,+02:09:30.77,157.839359,58.552268
2021-02-04 07:38:35.848,2021-02-04 07:39:05.848,+07:19:9.73,+33:21:0.1,+01:29:23.06,156.994209,64.630042
2021-02-04 07:39:16.294,2021-02-04 07:39:46.294,+06:47:44.92,+33:21:0.1,+02:01:28.33,158.016793,59.722124
2021-02-04 07:39:57.232,2021-02-04 07:40:27.232,+07:04:19.63,+40:33:0.1,+01:45:29.61,148.985096,65.259849
2021-02-04 07:40:41.312,2021-02-04 07:41:11.312,+08:13:15.71,+40:33:0.1,+00:37:20.49,145.293186,71.027386
2021-02-04 07:41:22.999,2021-02-04 07:41:52.999,+07:39:18.4,+54:57:0.1,+01:11:42.33,140.510304,67.335004
2021-02-04 07:42:04.719,2021-02-04 07:42:34.719,+08:13:15.71,+40:33:00,+00:38:43.66,142.021438,72.19248
2021-02-04 07:42:48.799,2021-02-04 07:43:18.799,+07:04:19.63,+40:33:0.1,+01:48:21.09,144.686705,66.616674
2021-02-04 07:43:31.151,2021-02-04 07:44:01.151,+06:11:54.53,+54:57:0.1,+02:41:12.39,136.831038,59.213329
2021-02-04 07:44:11.601,2021-02-04 07:44:41.601,+06:40:0.01,+62:09:0.1,+02:13:34.22,133.99991,65.440952
2021-02-04 07:44:53.375,2021-02-04 07:45:23.375,+07:25:42.85,+69:21:0.1,+01:28:15.53,125.435181,71.53707
2021-02-04 07:45:35.070,2021-02-04 07:46:05.070,+07:39:18.4,+54:57:0.1,+01:15:56.03,129.686738,67.432709
2021-02-04 07:46:16.751,2021-02-04 07:46:46.751,+07:25:42.85,+69:21:0.1,+01:29:38.75,124.482227,70.827801
2021-02-04 07:46:59.589,2021-02-04 07:47:29.589,+08:23:0.35,+54:57:0.1,+00:33:42.04,129.422414,66.109428
2021-02-04 07:47:41.262,2021-02-04 07:48:11.262,+08:34:17.15,+69:21:0.1,+00:22:40.48,121.566277,70.013733
2021-02-04 07:48:21.978,2021-02-04 07:48:51.978,+08:47:60,+76:33:00,+00:09:7.33,113.44434,74.147819
2021-02-04 07:49:04.554,2021-02-04 07:49:34.554,+09:42:51.44,+69:25:11.9,-00:44:14.62,112.233154,66.186182
2021-02-04 07:49:45.060,2021-02-04 07:50:15.060,+09:19:59.99,+62:08:59.9,-00:20:33.3,121.848585,64.770369
2021-02-04 07:50:26.737,2021-02-04 07:50:56.737,+09:13:36.41,+47:44:59.9,-00:13:14.38,132.546423,63.805225
2021-02-04 07:51:07.454,2021-02-04 07:51:37.454,+09:06:42.3,+54:56:59.9,-00:05:46.31,132.928449,60.030375
2021-02-04 07:51:48.116,2021-02-04 07:52:18.116,+09:13:36.41,+47:44:60,-00:11:52.06,133.140975,63.555268
2021-02-04 07:52:28.792,2021-02-04 07:52:58.792,+09:06:42.3,+54:57:00,-00:04:25.13,133.074723,59.882215
2021-02-04 07:53:09.491,2021-02-04 07:53:39.491,+09:13:36.41,+47:44:59.9,-00:10:30.9,133.916051,63.405009
2021-02-04 07:53:49.962,2021-02-04 07:54:19.962,+09:22:11.78,+40:32:59.9,-00:18:20.68,137.881957,64.677218
2021-02-04 07:55:11.119,2021-02-04 07:55:41.119,+09:22:11.78,+40:32:59.9,-00:16:58.44,139.578287,64.981722
2021-02-04 07:56:42.755,2021-02-04 07:57:12.755,+09:24:48.89,+33:20:59.9,-00:18:0.51,145.256278,61.474974
2021-02-04 07:58:16.368,2021-02-04 07:58:46.368,+09:04:32.92,+26:09:00,+00:03:51.82,147.004428,57.008062
2021-02-04 07:58:58.070,2021-02-04 07:59:28.070,+09:03:23.8,+11:44:60,+00:05:48.64,147.035995,61.351077
2021-02-04 07:59:38.560,2021-02-04 08:00:08.560,+09:12:1.22,+18:57:0.1,-00:02:11.15,147.176075,58.75197
2021-02-04 08:00:19.106,2021-02-04 08:00:49.106,+09:32:29.8,+11:44:59.9,-00:21:55.66,144.705672,60.34034
2021-02-04 08:01:51.267,2021-02-04 08:02:21.267,+08:26:43.48,-24:14:59.9,+00:45:36.38,129.711985,87.422694
2021-02-04 08:02:31.957,2021-02-04 08:03:01.957,+08:35:53.7,-17:02:59.9,+00:37:2.89,131.831157,86.174342
2021-02-04 08:03:12.558,2021-02-04 08:03:42.558,+08:48:37.87,-09:50:59.9,+00:24:56.85,138.565432,83.816458
2021-02-04 08:03:53.064,2021-02-04 08:04:23.064,+09:02:7.19,-02:38:59.9,+00:12:6.01,140.72965,81.221985
2021-02-04 08:04:33.512,2021-02-04 08:05:03.512,+09:10:3.79,+04:33:00,+00:04:47.07,146.822999,74.851417
2021-02-04 08:05:14.224,2021-02-04 08:05:44.224,+09:03:23.8,+11:45:0.1,+00:12:5.65,157.818777,66.506883
2021-02-04 08:05:54.678,2021-02-04 08:06:24.678,+09:10:3.79,+04:32:60,+00:06:8.26,156.155275,68.752053
2021-02-04 08:06:35.130,2021-02-04 08:07:05.130,+09:03:23.8,+11:45:0.1,+00:13:26.86,161.02378,65.147
2021-02-04 08:07:15.649,2021-02-04 08:07:45.649,+09:10:3.79,+04:32:60,+00:07:29.48,158.039145,68.113096
2021-02-04 08:07:56.117,2021-02-04 08:08:26.117,+09:02:7.19,-02:38:60,+00:16:9.66,157.828758,70.224916
2021-02-04 08:08:36.571,2021-02-04 08:09:06.571,+08:33:45.61,-02:38:59.9,+00:45:11.45,158.035185,70.718485
2021-02-04 08:09:17.255,2021-02-04 08:09:47.255,+08:42:41.76,+04:33:0.1,+00:36:53.64,159.146221,69.599121
2021-02-04 08:09:58.080,2021-02-04 08:10:28.080,+08:33:45.61,-02:38:59.9,+00:46:33.67,156.424043,71.367656
2021-02-04 08:10:40.045,2021-02-04 08:11:10.045,+08:34:17.76,+11:45:0.1,+00:46:38.07,161.186611,65.838879
2021-02-04 08:11:32.380,2021-02-04 08:12:02.380,+08:21:59.29,+33:21:0.1,+00:59:38.07,159.450313,65.449184
2021-02-04 08:12:13.966,2021-02-04 08:12:43.966,+07:38:47.69,+40:33:0.1,+01:43:24.04,148.868675,64.804222
2021-02-04 08:12:54.659,2021-02-04 08:13:24.659,+07:20:30.62,+47:45:0.1,+02:02:14.91,145.324526,64.933203
2021-02-04 08:13:35.300,2021-02-04 08:14:05.300,+07:58:12.54,+47:45:0.1,+01:25:16.12,144.277687,69.62673
2021-02-04 08:14:15.951,2021-02-04 08:14:45.951,+07:20:30.62,+47:45:0.1,+02:03:36.05,143.182985,64.733635
2021-02-04 08:14:56.860,2021-02-04 08:15:26.860,+07:58:12.54,+47:45:0.1,+01:26:37.36,142.370816,70.141878
2021-02-04 08:15:39.194,2021-02-04 08:16:09.194,+08:47:43.76,+40:33:0.1,+00:37:58.33,140.492421,70.79421
2021-02-04 08:16:19.864,2021-02-04 08:16:49.864,+08:35:54.49,+47:45:0.1,+00:50:21.34,140.552857,70.575097
2021-02-04 08:17:00.453,2021-02-04 08:17:30.453,+08:47:43.76,+40:33:0.1,+00:39:19.53,140.928292,70.793772
2021-02-04 08:17:40.896,2021-02-04 08:18:10.896,+08:35:54.49,+47:45:0.1,+00:51:42.56,140.055496,70.140777
2021-02-04 08:18:24.311,2021-02-04 08:18:54.311,+07:33:20.02,+62:09:0.1,+01:54:35.98,136.037767,65.471435
2021-02-04 08:19:09.090,2021-02-04 08:19:39.090,+06:17:8.56,+69:21:0.1,+03:11:7.09,128.12934,56.568711
2021-02-04 08:19:53.864,2021-02-04 08:20:23.864,+07:33:20.01,+62:09:0.1,+01:56:5.2,126.049112,69.86672
2021-02-04 08:20:37.169,2021-02-04 08:21:07.169,+08:34:17.15,+69:21:0.1,+00:55:41.92,114.311813,71.603229
2021-02-04 08:21:17.614,2021-02-04 08:21:47.614,+08:26:39.98,+62:09:0.1,+01:04:15.47,118.657916,68.621925
2021-02-04 08:21:58.204,2021-02-04 08:22:28.204,+08:34:17.15,+69:21:0.1,+00:57:3.08,116.290624,70.828417
2021-02-04 08:27:55.746,2021-02-04 08:28:25.746,+09:30:28.8,-02:38:60,+00:07:50.21,144.038882,68.873742
2021-02-04 08:28:37.422,2021-02-04 08:29:07.422,+09:04:1.06,-17:02:60,+00:35:5.15,136.702086,82.725949
2021-02-04 08:29:18.060,2021-02-04 08:29:48.060,+08:35:53.7,-17:02:59.9,+01:03:53.32,132.336114,82.260061
2021-02-04 08:29:58.509,2021-02-04 08:30:28.509,+08:26:43.48,-24:14:59.9,+01:13:47.99,126.035578,84.649683
2021-02-04 08:30:39.169,2021-02-04 08:31:09.169,+08:07:46.34,-17:02:59.9,+01:33:23.49,125.183281,80.7602
2021-02-04 08:32:48.376,2021-02-04 08:33:18.376,+10:00:15.84,-17:02:60,-00:16:59.57,139.906174,86.497067
2021-02-04 08:33:28.927,2021-02-04 08:33:58.927,+10:28:23.16,-17:03:0.1,-00:44:27.7,138.29785,84.210181
2021-02-04 08:45:01.435,2021-02-04 08:45:31.435,+13:35:60,+76:32:59.9,-03:39:46.93,111.836008,21.619341
2021-02-04 08:45:45.089,2021-02-04 08:46:15.089,+14:40:0.12,+83:44:59.9,-04:41:8.18,77.63069,-24.725461
2021-02-04 08:46:26.118,2021-02-04 08:46:56.118,+15:11:60,+76:32:59.9,-05:13:40.37,102.389307,-19.086079
2021-02-04 08:47:06.567,2021-02-04 08:47:36.567,+15:25:42.96,+69:20:59.9,-05:27:11.46,113.396992,-17.8239
2021-02-04 08:47:47.108,2021-02-04 08:48:17.108,+15:33:20.16,+62:08:59.9,-05:34:22.9,119.312748,-15.317216
2021-02-04 08:55:29.063,2021-02-04 08:55:59.063,+11:52:45.12,-17:03:0.1,-01:46:47.75,132.801049,70.883239
2021-02-04 08:56:50.217,2021-02-04 08:57:20.217,+11:24:37.8,-17:03:0.1,-01:17:18.27,133.027231,77.013771
2021-02-04 08:59:05.081,2021-02-04 09:01:35.081,+10:01:56.28,+00:57:0.1,+00:07:36.88,156.217656,79.881438
2021-02-04 09:01:53.717,2021-02-04 09:02:23.717,+08:07:46.34,-17:02:59.9,+02:04:42.63,141.640553,77.309783
2021-02-04 09:03:28.354,2021-02-04 09:03:58.354,+10:52:26.04,-24:15:0.1,-00:38:25.28,129.389389,85.458975
2021-02-04 09:04:08.992,2021-02-04 09:04:38.992,+11:24:37.8,-17:03:0.1,-01:09:59.11,131.871736,80.039939
2021-02-04 09:04:49.672,2021-02-04 09:05:19.672,+10:56:30.48,-17:03:0.1,-00:41:9.72,136.187915,83.831954
2021-02-04 09:05:30.119,2021-02-04 09:06:00.119,+10:41:44.88,-09:51:0.1,-00:25:43.73,141.881863,82.580272
2021-02-04 09:10:58.504,2021-02-04 09:11:28.504,+10:13:28.2,-09:50:59.9,+00:08:2.3,155.567987,75.689606
2021-02-04 09:11:38.953,2021-02-04 09:12:08.953,+10:28:23.16,-17:03:0.1,-00:06:11.33,143.912657,83.746941
2021-02-04 09:12:19.613,2021-02-04 09:12:49.613,+10:23:17.52,-24:15:0.1,-00:00:22.91,135.721596,88.534542
2021-02-04 09:13:00.104,2021-02-04 09:13:30.104,+10:00:15.84,-17:02:59.9,+00:23:19.02,142.972686,87.47161
2021-02-04 09:13:41.073,2021-02-04 09:14:11.073,+09:54:8.96,-24:14:59.9,+00:30:9.28,138.554968,89.61417
2021-02-04 09:14:21.773,2021-02-04 09:14:51.773,+09:25:0.48,-24:14:59.9,+00:59:59.08,134.941075,87.699568
2021-02-04 09:15:02.221,2021-02-04 09:15:32.221,+09:32:8.45,-17:02:59.9,+00:53:29.59,138.631352,86.957592
2021-02-04 09:15:43.904,2021-02-04 09:16:13.904,+09:30:28.8,-02:38:59.9,+00:55:46.04,146.2342,82.121678
2021-02-04 09:16:25.584,2021-02-04 09:16:55.584,+09:32:29.8,+11:45:0.1,+00:54:22.94,157.539432,71.982682
2021-02-04 09:17:06.034,2021-02-04 09:17:36.034,+09:10:3.79,+04:33:0.1,+01:17:31.04,155.24191,73.506806
2021-02-04 09:17:46.479,2021-02-04 09:18:16.479,+08:42:41.76,+04:33:0.1,+01:45:33.94,151.589855,70.743506
2021-02-04 09:18:28.159,2021-02-04 09:18:58.159,+08:43:48.47,+18:57:0.1,+01:45:3.72,153.875043,65.804548
2021-02-04 09:19:08.693,2021-02-04 09:19:38.693,+08:34:37.31,+26:09:0.1,+01:54:51.46,158.844244,60.133955
2021-02-04 09:19:59.136,2021-02-04 09:20:29.136,+08:35:54.49,+47:45:0.1,+01:54:11.82,144.020507,67.836518
2021-02-04 09:20:39.719,2021-02-04 09:21:09.719,+09:06:42.3,+54:57:0.1,+01:24:0.41,140.185036,67.776039
2021-02-04 09:21:20.168,2021-02-04 09:21:50.168,+09:19:59.99,+62:09:0.1,+01:11:16.66,132.742276,65.715589
2021-02-04 09:22:01.850,2021-02-04 09:22:31.850,+08:47:60,+76:33:0.1,+01:43:2.66,120.428825,73.655622
2021-02-04 09:22:48.600,2021-02-04 09:23:18.600,+07:11:60,+76:33:0.1,+03:19:26.07,124.67757,57.897965
2021-02-04 09:23:35.358,2021-02-04 09:24:05.358,+08:47:60,+76:33:0.1,+01:44:36.93,114.042306,74.165921
2021-02-04 09:25:44.632,2021-02-04 09:26:14.632,+10:51:25.56,+69:20:59.9,-00:15:32.64,116.527372,62.408167
2021-02-04 09:26:28.651,2021-02-04 09:26:58.651,+09:42:51.44,+69:25:12.1,+00:53:25.36,118.708443,66.592269
2021-02-04 09:27:11.217,2021-02-04 09:27:41.217,+08:47:60,+76:33:0.1,+01:48:13.5,117.057697,70.198057
2021-02-04 09:27:57.973,2021-02-04 09:28:27.973,+07:11:60,+76:33:0.1,+03:24:35.93,121.576733,53.873954
2021-02-04 09:28:44.763,2021-02-04 09:29:14.763,+05:35:60,+76:33:0.1,+05:01:19.15,124.236914,24.493974
2021-02-04 09:30:05.967,2021-02-04 09:30:35.967,+08:55:52,-24:14:59.9,+01:44:55.37,116.72233,79.07511
2021-02-04 09:31:38.963,2021-02-04 09:32:08.963,+11:21:34.56,-24:15:0.1,-00:39:20.62,111.625008,84.798529
2021-02-04 09:35:10.272,2021-02-04 09:35:40.272,+09:03:23.8,+11:45:0.1,+01:42:16.36,153.333475,61.759286
2021-02-04 09:35:50.718,2021-02-04 09:36:20.718,+09:12:1.22,+18:57:0.1,+01:34:16.69,154.725135,60.726797
2021-02-04 09:37:11.817,2021-02-04 09:37:41.817,+09:04:32.92,+26:09:0.1,+01:43:2.99,157.78637,56.284831
2021-02-04 09:39:15.515,2021-02-04 09:39:45.515,+08:53:24.11,+33:21:0.1,+01:56:12.21,154.854728,59.858136
2021-02-04 09:39:55.963,2021-02-04 09:40:25.963,+08:47:43.76,+40:33:0.1,+02:02:28.1,150.620252,61.494931
2021-02-04 09:44:00.381,2021-02-04 09:44:30.381,+09:19:59.99,+62:09:0.1,+01:34:0.45,134.107967,64.370084
2021-02-04 09:44:41.963,2021-02-04 09:45:11.963,+08:34:17.15,+69:21:0.1,+02:19:59.71,127.726005,63.264473
2021-02-04 09:47:03.501,2021-02-04 09:47:33.501,+13:35:60,+76:32:59.9,-02:37:34.73,89.38393,34.548771
2021-02-04 09:52:36.394,2021-02-04 09:53:06.394,+13:16:22.08,+04:32:59.9,-02:13:7.47,131.816421,52.448343
2021-02-04 09:53:17.092,2021-02-04 09:53:47.092,+13:17:21.48,-02:39:0.1,-02:13:26.9,131.416294,54.252043
2021-02-04 09:55:18.706,2021-02-04 09:55:48.706,+12:20:38.4,-02:39:0.1,-01:14:42.44,136.639322,64.467056
2021-02-04 09:55:59.162,2021-02-04 09:56:29.162,+12:34:51.6,-09:51:0.1,-01:28:15.04,131.090627,64.297866
2021-02-04 09:56:39.735,2021-02-04 09:57:09.735,+13:03:8.28,-09:51:0.1,-01:55:52.08,125.648024,60.724154
2021-02-04 09:57:20.371,2021-02-04 09:57:50.371,+13:17:7.44,-17:03:0.1,-02:09:11.57,123.930647,62.880609
2021-02-04 09:58:01.070,2021-02-04 09:58:31.070,+12:49:0.12,-17:03:0.1,-01:40:22.23,125.376811,69.649199
2021-02-04 09:58:41.519,2021-02-04 09:59:11.519,+12:20:52.8,-17:03:0.1,-01:11:33.98,130.630392,76.104454
2021-02-04 09:59:22.258,2021-02-04 09:59:52.258,+12:06:34.92,-09:51:0.1,-00:56:34.41,132.667259,75.855238
2021-02-04 10:02:56.319,2021-02-04 10:03:26.319,+10:52:26.04,-24:14:59.9,+00:21:12.51,137.331933,87.709257
2021-02-04 10:03:36.980,2021-02-04 10:04:06.980,+10:56:30.48,-17:02:59.9,+00:17:46.95,143.984651,85.497157
2021-02-04 10:11:49.547,2021-02-04 10:12:19.547,+10:28:23.16,-17:02:59.9,+00:54:9.47,139.219424,82.465486
2021-02-04 10:12:30.234,2021-02-04 10:13:00.234,+10:23:17.52,-24:14:59.9,+00:59:57.97,129.372772,85.110213
2021-02-04 10:13:11.113,2021-02-04 10:13:41.113,+09:54:8.96,-24:14:59.9,+01:29:49.03,126.381175,81.935282
2021-02-04 10:13:51.560,2021-02-04 10:14:21.560,+09:25:0.48,-24:14:59.9,+01:59:38.85,120.857141,77.905009
2021-02-04 10:15:16.467,2021-02-04 10:15:46.467,+09:02:7.19,-02:38:59.9,+02:23:50.54,130.211338,69.558783
2021-02-04 10:15:57.086,2021-02-04 10:16:27.086,+09:10:3.79,+04:33:0.1,+02:16:32.64,131.51284,70.831146
2021-02-04 10:17:18.485,2021-02-04 10:17:48.485,+09:03:23.8,+11:45:0.1,+02:24:31.37,138.182347,66.341721
2021-02-04 10:17:59.153,2021-02-04 10:18:29.153,+08:43:48.47,+18:57:0.1,+02:44:44.47,137.161894,59.495855
2021-02-04 10:30:27.419,2021-02-04 10:30:57.419,+11:52:45.12,-17:03:0.1,-00:11:34.2,146.443476,78.499536
2021-02-04 10:48:13.875,2021-02-04 10:48:43.875,+16:34:17.04,+69:20:59.9,-04:34:6.44,113.847482,-3.739999
2021-02-04 10:48:55.660,2021-02-04 10:49:25.660,+17:19:59.88,+83:44:59.9,-05:16:1.16,62.819284,-53.671561
2021-02-04 10:49:37.341,2021-02-04 10:50:07.341,+16:34:17.04,+69:20:59.9,-04:32:42.21,114.487179,-1.710759
2021-02-04 10:55:34.983,2021-02-04 10:56:04.983,+08:47:60,+76:33:0.1,+03:16:51.07,132.460215,52.091566
2021-02-04 11:03:05.067,2021-02-04 11:03:35.067,+12:20:38.4,-02:38:60,-00:06:44.27,150.319266,78.235994
2021-02-04 11:04:28.301,2021-02-04 11:04:58.301,+12:49:0.12,-02:39:0.1,-00:33:42.85,150.681218,70.035653
2021-02-04 11:05:08.748,2021-02-04 11:05:38.748,+13:03:8.28,-09:51:0.1,-00:47:11.85,144.008153,72.947543
2021-02-04 11:05:49.472,2021-02-04 11:06:19.472,+13:17:21.48,-02:39:0.1,-01:00:43.03,147.249437,70.625256
2021-02-04 11:06:30.068,2021-02-04 11:07:00.068,+13:16:22.08,+04:32:59.9,-00:59:1.34,149.219073,69.293872
2021-02-04 11:09:12.752,2021-02-04 11:09:42.752,+13:43:44.04,+04:32:59.9,-01:23:40.42,147.779933,59.846606
2021-02-04 11:09:53.432,2021-02-04 11:10:23.432,+13:52:36.12,+11:44:59.9,-01:31:49.63,148.228571,55.652643
2021-02-04 11:13:16.441,2021-02-04 11:13:46.441,+14:33:44.64,+26:08:59.9,-02:09:28.63,145.954179,42.500826
2021-02-04 11:14:39.835,2021-02-04 11:15:09.835,+14:07:31.8,+33:20:59.9,-01:41:51.58,150.253772,51.643105
2021-02-04 11:15:20.283,2021-02-04 11:15:50.283,+14:38:56.76,+33:20:59.9,-02:12:33.2,142.746763,44.908441
2021-02-04 11:16:00.887,2021-02-04 11:16:30.887,+15:06:52.2,+40:32:59.9,-02:39:42.78,142.287365,37.26341
2021-02-04 11:16:41.668,2021-02-04 11:17:11.668,+14:32:24,+40:32:59.9,-02:04:36.32,143.702125,45.109316
2021-02-04 11:17:22.369,2021-02-04 11:17:52.369,+13:57:56.16,+40:32:59.9,-01:29:30.62,146.641898,52.612449
2021-02-04 11:18:43.507,2021-02-04 11:19:13.507,+13:38:53.88,+47:44:59.9,-01:09:6.26,142.209076,56.594169
2021-02-04 11:19:24.176,2021-02-04 11:19:54.176,+13:29:36.24,+54:56:59.9,-00:59:5.41,139.243436,51.588977
2021-02-04 11:20:08.370,2021-02-04 11:20:38.370,+14:40:0.12,+62:08:59.9,-02:08:25.86,123.1622,40.51281
2021-02-04 11:20:48.825,2021-02-04 11:21:18.825,+14:58:1.56,+54:56:59.9,-02:25:52.96,129.206865,37.019605
2021-02-04 11:21:29.746,2021-02-04 11:21:59.746,+14:17:59.64,+47:44:59.9,-01:45:20.66,137.69809,49.280769
2021-02-04 11:22:10.568,2021-02-04 11:22:40.568,+14:57:5.76,+47:44:59.9,-02:23:41.28,136.377315,40.822172
2021-02-04 11:22:51.386,2021-02-04 11:23:21.386,+15:36:11.52,+47:44:59.9,-03:02:2.17,133.514267,30.695475
2021-02-04 11:23:32.285,2021-02-04 11:24:02.285,+15:42:24.84,+54:56:59.9,-03:07:26.43,129.418759,25.02672
2021-02-04 11:24:19.186,2021-02-04 11:24:49.186,+17:19:59.88,+83:44:59.9,-04:40:31.37,60.885301,-38.438238
2021-02-04 11:24:59.683,2021-02-04 11:25:29.683,+16:47:60,+76:32:59.9,-04:10:14.59,97.600843,0.825465
2021-02-04 11:25:40.129,2021-02-04 11:26:10.129,+16:34:17.04,+69:20:59.9,-03:56:33.29,112.526255,12.459007
2021-02-04 11:26:20.668,2021-02-04 11:26:50.668,+16:26:39.84,+62:08:59.9,-03:48:36.77,122.223367,17.918769
2021-02-04 11:27:01.296,2021-02-04 11:27:31.296,+16:26:48.12,+54:56:59.9,-03:48:15.98,128.590145,19.09318
2021-02-04 11:27:41.746,2021-02-04 11:28:11.746,+16:15:17.64,+47:44:59.9,-03:36:14.5,131.229255,27.842103
2021-02-04 11:28:22.622,2021-02-04 11:28:52.622,+15:41:20.04,+40:32:59.9,-03:01:43.99,138.586316,37.835896
2021-02-04 11:29:03.073,2021-02-04 11:29:33.073,+15:41:46.32,+33:20:59.9,-03:01:34.64,138.834089,40.161977
2021-02-04 11:29:43.768,2021-02-04 11:30:13.768,+15:10:21.72,+33:20:59.9,-02:29:30.71,144.2314,46.677335
2021-02-04 11:30:24.468,2021-02-04 11:30:54.468,+15:33:36,+26:08:59.9,-02:52:6.32,139.638788,37.814393
2021-02-04 11:33:32.086,2021-02-04 11:34:02.086,+12:19:51.6,-24:14:59.9,+00:24:33.41,139.811323,87.286228
2021-02-04 11:34:53.202,2021-02-04 11:35:23.202,+12:49:0.12,-24:14:60,-00:03:15.31,135.262196,86.594222
2021-02-04 11:35:42.142,2021-02-04 11:36:12.142,+13:52:36.12,+11:44:59.9,-01:05:56.38,145.153122,68.121545
2021-02-04 11:36:22.592,2021-02-04 11:36:52.592,+13:55:52.32,+18:56:59.9,-01:08:30.65,148.326193,59.535344
2021-02-04 11:37:03.312,2021-02-04 11:37:33.312,+14:20:30.12,+11:44:59.9,-01:32:28.47,147.904269,58.453859
2021-02-04 11:37:44.994,2021-02-04 11:38:14.994,+14:03:48.96,+26:08:59.9,-01:15:2.58,149.379113,55.115108
2021-02-04 11:38:25.441,2021-02-04 11:38:55.441,+14:33:44.64,+26:08:59.9,-01:44:15.51,146.646005,49.816748
2021-02-04 11:39:49.107,2021-02-04 11:40:19.107,+14:07:31.8,+33:20:59.9,-01:16:37.5,148.856171,57.393699
2021-02-04 11:40:29.557,2021-02-04 11:40:59.557,+14:38:56.76,+33:20:59.9,-01:47:20.06,142.337367,51.755421
2021-02-04 11:41:10.232,2021-02-04 11:41:40.232,+14:32:24,+40:32:59.9,-01:40:3.26,143.619137,51.953677
2021-02-04 11:41:50.932,2021-02-04 11:42:20.932,+13:57:56.16,+40:32:59.9,-01:04:58.54,146.479995,58.161497
2021-02-04 11:42:31.538,2021-02-04 11:43:01.538,+14:17:59.64,+47:44:59.9,-01:24:15.23,137.137148,56.081734
2021-02-04 11:43:11.988,2021-02-04 11:45:41.988,+14:13:39,+54:56:59.9,-01:19:10.15,132.674695,50.665651
2021-02-04 11:45:53.359,2021-02-04 11:46:23.359,+14:57:5.76,+47:44:59.9,-01:59:54.44,135.664721,47.550234
2021-02-04 11:46:34.183,2021-02-04 11:47:04.183,+15:36:11.52,+47:44:59.9,-02:38:15.29,133.111899,38.485107
2021-02-04 11:47:14.661,2021-02-04 11:47:44.661,+15:42:24.84,+54:56:59.9,-02:43:40.5,128.598039,32.693452
2021-02-04 11:47:55.254,2021-02-04 11:48:25.254,+15:36:11.52,+47:44:59.9,-02:36:54.14,133.79104,38.665447
2021-02-04 11:48:35.847,2021-02-04 11:49:05.847,+15:42:24.84,+54:56:59.9,-02:42:19.33,128.84434,32.856911
2021-02-04 11:49:16.476,2021-02-04 11:49:46.476,+15:33:20.16,+62:08:59.9,-02:32:24.12,122.811781,35.70953
2021-02-04 11:49:59.714,2021-02-04 11:50:29.714,+16:34:17.04,+69:20:59.9,-03:32:10.34,107.896132,19.654527
2021-02-04 11:50:40.272,2021-02-04 11:51:10.272,+16:26:39.84,+62:08:59.9,-03:24:12.73,117.618076,24.936444
2021-02-04 11:51:20.723,2021-02-04 11:51:50.723,+16:34:17.04,+69:20:59.9,-03:30:49.14,108.9142,19.481317
2021-02-04 11:52:01.201,2021-02-04 11:52:31.201,+16:47:60,+76:32:59.9,-03:43:8.1,93.688793,9.858565
2021-02-04 11:52:41.647,2021-02-04 11:53:11.647,+17:19:59.88,+83:44:59.9,-04:12:4.77,57.848982,-25.281943
2021-02-04 11:53:25.807,2021-02-04 11:53:55.807,+18:23:60,+76:32:59.9,-05:17:36.53,90.939784,-25.002146
2021-02-04 11:54:06.791,2021-02-04 11:54:36.791,+17:42:51.48,+69:20:59.9,-04:36:31.08,105.257411,-2.405046
2021-02-04 11:54:47.509,2021-02-04 11:55:17.509,+17:19:59.88,+62:08:59.9,-04:13:20.92,117.454543,9.709431
2021-02-04 11:55:28.177,2021-02-04 11:55:58.177,+17:42:51.48,+69:20:59.9,-04:35:8.9,106.059682,-2.869427
2021-02-04 11:56:08.900,2021-02-04 11:56:38.900,+17:19:59.88,+62:08:59.9,-04:11:59.7,117.592225,10.02404
2021-02-04 11:56:52.910,2021-02-04 11:57:22.910,+17:59:12.48,+40:32:59.9,-04:50:56.61,122.986394,6.336331
2021-02-04 11:57:35.646,2021-02-04 11:58:05.646,+17:03:22.68,+26:08:59.9,-03:54:34.68,130.379548,23.382502
2021-02-04 11:58:21.288,2021-02-04 11:58:51.288,+15:41:46.32,+33:20:59.9,-02:32:10.91,140.316619,45.721176
2021-02-04 11:59:01.780,2021-02-04 11:59:31.780,+15:33:36,+26:08:59.9,-02:23:24.64,141.668646,44.460092
2021-02-04 11:59:42.446,2021-02-04 12:00:12.446,+15:23:5.64,+18:56:59.9,-02:12:16.82,143.493331,48.821504
2021-02-04 12:00:22.899,2021-02-04 12:00:52.899,+15:44:12.12,+11:44:59.9,-02:32:45.65,137.754661,47.123673
2021-02-04 12:01:09.873,2021-02-04 12:01:39.873,+14:11:06,+04:32:59.9,-00:58:56.52,146.449061,66.352049
2021-02-04 12:01:55.264,2021-02-04 12:02:25.264,+14:54:1.08,+18:56:59.9,-01:40:59.9,145.018083,53.326904
2021-02-04 12:02:35.929,2021-02-04 12:03:05.929,+15:03:40.32,+26:08:59.9,-01:49:55.72,146.382313,49.448514
2021-02-04 12:03:16.378,2021-02-04 12:03:46.378,+15:10:21.72,+33:20:59.9,-01:55:52.28,146.490319,51.124729
2021-02-04 12:03:56.968,2021-02-04 12:04:26.968,+15:03:40.32,+26:08:59.9,-01:48:34.44,145.849784,49.780476
2021-02-04 12:04:38.926,2021-02-04 12:05:08.926,+15:52:9.84,+18:56:59.9,-02:36:23.26,140.975993,42.285654
2021-02-04 12:05:19.375,2021-02-04 12:05:49.375,+16:12:6.12,+11:44:59.9,-02:55:41.31,139.30318,41.893801
2021-02-04 12:05:59.827,2021-02-04 12:06:29.827,+15:52:9.84,+18:56:59.9,-02:35:2.08,140.939827,44.396144
2021-02-04 12:06:40.272,2021-02-04 12:07:10.272,+16:12:6.12,+11:44:59.9,-02:54:20.05,138.877311,42.687781
2021-02-04 12:07:20.746,2021-02-04 12:07:50.746,+16:40:0.12,+11:44:59.9,-03:21:33.53,131.520889,36.262468
2021-02-04 12:08:01.203,2021-02-04 12:08:31.203,+16:21:14.4,+18:56:59.9,-03:02:3.56,137.187925,39.816299
2021-02-04 12:08:41.654,2021-02-04 12:09:11.654,+16:03:31.32,+26:08:59.9,-02:43:37.23,138.388686,41.665777
2021-02-04 12:09:22.264,2021-02-04 12:09:52.264,+16:21:14.4,+18:56:59.9,-03:00:42.27,137.510842,40.157751
2021-02-04 12:10:02.716,2021-02-04 12:10:32.716,+16:03:31.32,+26:08:59.9,-02:42:15.98,138.85735,41.76385
2021-02-04 12:10:43.258,2021-02-04 12:11:13.258,+16:13:11.28,+33:20:59.9,-02:51:10.31,139.736255,42.600613
2021-02-04 12:11:23.865,2021-02-04 12:11:53.865,+16:44:35.88,+33:20:59.9,-03:21:53.67,138.324593,34.961147
2021-02-04 12:12:04.312,2021-02-04 12:12:34.312,+16:15:48.24,+40:32:59.9,-02:52:20.98,138.433537,41.212011
2021-02-04 12:12:44.963,2021-02-04 12:13:14.963,+16:50:16.08,+40:32:59.9,-03:26:7.14,136.507281,33.112935
2021-02-04 12:13:25.415,2021-02-04 12:13:55.415,+17:24:44.28,+40:32:59.9,-03:59:53.18,131.798704,23.375751
2021-02-04 12:14:05.866,2021-02-04 12:14:35.866,+17:47:25.44,+33:20:59.9,-04:21:59.45,129.98663,18.850217
2021-02-04 12:14:46.584,2021-02-04 12:15:16.584,+17:16:0.84,+33:20:59.9,-03:49:54.15,133.158956,28.920679
2021-02-04 12:15:27.035,2021-02-04 12:15:57.035,+17:33:18.36,+26:08:59.9,-04:06:34.97,131.793738,20.996944
2021-02-04 12:16:07.622,2021-02-04 12:16:37.622,+17:16:0.84,+33:20:59.9,-03:48:32.97,135.894492,28.6467
2021-02-04 12:16:48.324,2021-02-04 12:17:18.324,+16:50:16.08,+40:32:59.9,-03:22:2.49,136.424349,35.330388
2021-02-04 12:17:28.777,2021-02-04 12:17:58.777,+16:15:48.24,+40:32:59.9,-02:46:56.07,139.028187,43.4731
2021-02-04 12:18:09.287,2021-02-04 12:18:39.287,+16:15:17.64,+47:44:59.9,-02:45:38.2,137.066019,42.760693
2021-02-04 12:18:49.734,2021-02-04 12:19:19.734,+16:26:48.12,+54:56:59.9,-02:56:19.45,134.67806,34.984639
2021-02-04 12:19:31.205,2021-02-04 12:20:01.205,+17:11:11.76,+54:56:59.9,-03:39:58.19,130.296292,22.958284
2021-02-04 12:20:11.715,2021-02-04 12:20:41.715,+17:33:29.52,+47:44:59.9,-04:01:44.19,131.104909,22.251794
2021-02-04 12:20:58.179,2021-02-04 12:21:28.179,+19:06:39.96,+62:08:59.9,-05:33:46.09,117.665154,-15.292107
2021-02-04 12:21:42.321,2021-02-04 12:22:12.321,+19:08:8.52,+40:32:59.9,-05:34:59.23,124.000322,-4.72489
2021-02-04 12:22:23.041,2021-02-04 12:22:53.041,+18:50:15,+33:20:59.9,-05:16:29.75,124.657072,1.211659
2021-02-04 12:23:04.818,2021-02-04 12:23:34.818,+18:17:32.28,+18:56:59.9,-04:43:14.51,124.29587,11.284817
2021-02-04 12:23:45.407,2021-02-04 12:26:09.407,+17:42:2.88,+08:08:59.9,-04:07:9.71,124.518048,25.911716
2021-02-04 12:26:19.858,2021-02-04 12:26:49.858,+17:19:23.52,+18:56:59.9,-03:41:50.63,132.766435,32.110939
2021-02-04 12:27:00.493,2021-02-04 12:27:30.493,+17:03:22.68,+26:08:59.9,-03:25:4.9,138.65133,35.039337
2021-02-04 12:27:40.942,2021-02-04 12:28:10.942,+16:44:35.88,+33:20:59.9,-03:05:33.93,141.569684,42.834666
2021-02-04 12:28:21.395,2021-02-04 12:28:51.395,+16:13:11.28,+33:20:59.9,-02:33:29.38,143.537233,49.304529
2021-02-04 12:29:02.364,2021-02-04 12:29:32.364,+16:33:27,+26:08:59.9,-02:53:7.58,140.427862,41.910232
2021-02-04 12:29:42.813,2021-02-04 12:30:12.813,+16:50:18.96,+18:56:59.9,-03:09:22.92,140.135594,39.877855
2021-02-04 12:30:23.535,2021-02-04 12:30:53.535,+16:33:27,+26:08:59.9,-02:51:46.35,140.55164,41.672184
2021-02-04 12:34:12.657,2021-02-04 12:34:42.657,+13:18:8.64,-24:14:59.9,+00:27:3.57,136.909566,87.59788
2021-02-04 12:35:47.982,2021-02-04 12:36:17.982,+16:00:34.2,+04:32:59.9,-02:13:39.7,136.228346,60.907151
2021-02-04 12:36:28.426,2021-02-04 12:36:58.426,+16:27:56.16,+04:32:59.9,-02:40:20.24,134.806776,54.733051
2021-02-04 12:37:08.967,2021-02-04 12:37:38.967,+16:12:6.12,+11:44:59.9,-02:23:47.06,141.508216,56.966572
2021-02-04 12:37:49.415,2021-02-04 12:38:19.415,+15:52:9.84,+18:56:59.9,-02:03:6.79,142.472916,57.587978
2021-02-04 12:38:29.864,2021-02-04 12:38:59.864,+16:12:6.12,+11:44:59.9,-02:22:25.84,142.384689,55.851573
2021-02-04 12:39:10.309,2021-02-04 12:39:40.309,+15:52:9.84,+18:56:59.9,-02:01:45.63,142.541295,56.981026
2021-02-04 12:39:50.832,2021-02-04 12:40:20.832,+16:21:14.4,+18:56:59.9,-02:30:9.3,140.571975,50.708921
2021-02-04 12:40:31.494,2021-02-04 12:41:01.494,+16:40:0.12,+11:44:59.9,-02:48:17.07,134.943302,49.143713
2021-02-04 12:41:11.944,2021-02-04 12:41:41.944,+16:21:14.4,+18:56:59.9,-02:28:48.05,140.915775,51.236595
2021-02-04 12:41:52.392,2021-02-04 12:42:22.392,+16:40:0.12,+11:44:59.9,-02:46:55.86,134.290852,49.388095
2021-02-04 12:42:32.846,2021-02-04 12:43:02.846,+16:50:18.96,+18:56:59.9,-02:56:30.85,137.655902,45.32892
2021-02-04 12:43:13.380,2021-02-04 12:43:43.380,+16:33:27,+26:08:59.9,-02:38:54.24,137.901572,47.086796
2021-02-04 12:43:53.828,2021-02-04 12:44:23.828,+16:50:18.96,+18:56:59.9,-02:55:9.58,137.35929,46.157183
2021-02-04 12:44:34.274,2021-02-04 12:45:04.274,+16:33:27,+26:08:59.9,-02:37:33.03,138.735877,47.339036
2021-02-04 12:45:14.728,2021-02-04 12:45:44.728,+17:03:22.68,+26:08:59.9,-03:06:47.9,139.582903,40.556503
2021-02-04 12:45:55.286,2021-02-04 12:46:25.286,+16:44:35.88,+33:20:59.9,-02:47:16,139.445497,47.148173
2021-02-04 12:46:35.932,2021-02-04 12:47:05.932,+17:16:0.84,+33:20:59.9,-03:17:59.95,137.643854,40.299661
2021-02-04 12:47:16.382,2021-02-04 12:47:46.382,+16:50:16.08,+40:32:59.9,-02:51:29.46,137.326414,45.137542
2021-02-04 12:48:00.991,2021-02-04 12:48:30.991,+15:36:11.52,+47:44:59.9,-01:36:39.26,137.166211,57.682497
2021-02-04 12:48:43.164,2021-02-04 12:49:13.164,+16:26:48.12,+54:56:59.9,-02:26:20.57,129.37508,42.532683
2021-02-04 12:49:25.328,2021-02-04 12:49:55.328,+15:36:11.52,+47:44:59.9,-01:35:14.01,135.323963,56.599478
2021-02-04 12:50:07.456,2021-02-04 12:50:37.456,+16:26:39.84,+62:08:59.9,-02:24:35.93,119.550227,42.22132
2021-02-04 12:50:48.963,2021-02-04 12:51:18.963,+17:11:11.76,+54:56:59.9,-03:08:36.12,123.350321,32.682762
2021-02-04 12:51:29.432,2021-02-04 12:51:59.432,+17:19:59.88,+62:08:59.9,-03:16:29.65,118.822963,29.317165
2021-02-04 12:52:09.884,2021-02-04 12:52:39.884,+17:42:51.48,+69:20:59.9,-03:38:18.55,107.349417,19.604415
2021-02-04 12:52:50.583,2021-02-04 12:53:20.583,+17:19:59.88,+62:08:59.9,-03:15:8.4,118.799676,31.326575
2021-02-04 12:53:31.338,2021-02-04 12:54:01.338,+17:42:51.48,+69:20:59.9,-03:36:56.37,107.330211,20.295501
2021-02-04 12:54:12.330,2021-02-04 12:54:42.330,+18:23:60,+76:32:59.9,-04:16:39.58,92.570378,0.15508
2021-02-04 12:54:54.164,2021-02-04 12:55:24.164,+19:06:39.96,+62:08:59.9,-04:59:44.6,113.255741,-3.480692
2021-02-04 12:55:41.502,2021-02-04 12:56:11.502,+17:24:44.28,+40:32:59.9,-03:17:30.2,129.516045,35.4653
2021-02-04 12:56:22.068,2021-02-04 12:56:52.068,+16:50:16.08,+40:32:59.9,-02:42:22,133.998158,43.221175
2021-02-04 12:57:02.721,2021-02-04 12:57:32.721,+17:16:0.84,+33:20:59.9,-03:07:31.27,134.960932,40.289013
2021-02-04 12:57:43.414,2021-02-04 12:58:13.414,+16:44:35.88,+33:20:59.9,-02:35:26,137.888202,47.211529
2021-02-04 12:58:24.749,2021-02-04 12:58:54.749,+16:03:31.32,+26:08:59.9,-01:53:46.04,138.196184,50.479748
2021-02-04 12:59:05.322,2021-02-04 12:59:35.322,+15:41:46.32,+33:20:59.9,-01:31:16.87,141.93309,55.813107
2021-02-04 13:00:28.246,2021-02-04 13:00:58.246,+16:03:31.32,+26:08:59.9,-01:51:41.68,138.593077,48.415484
2021-02-04 13:01:08.873,2021-02-04 13:01:38.873,+16:13:11.28,+33:20:59.9,-02:00:37.01,139.361675,49.785954
2021-02-04 13:01:49.376,2021-02-04 13:02:19.376,+16:15:48.24,+40:32:59.9,-02:02:27.86,138.470223,48.258307
2021-02-04 13:02:29.825,2021-02-04 13:02:59.825,+16:13:11.28,+33:20:59.9,-01:59:15.8,139.109521,50.635708
2021-02-04 13:03:10.272,2021-02-04 13:03:40.272,+16:15:48.24,+40:32:59.9,-02:01:6.57,138.391818,48.634941
2021-02-04 13:03:50.917,2021-02-04 13:04:20.917,+16:15:17.64,+47:44:59.9,-01:59:49.76,135.198404,49.232946
2021-02-04 13:04:35.919,2021-02-04 13:05:05.919,+17:33:29.52,+47:44:59.9,-03:17:12.91,130.737302,31.788768
2021-02-04 13:05:16.522,2021-02-04 13:05:46.522,+17:59:12.48,+40:32:59.9,-03:42:21.38,130.77963,27.837453
2021-02-04 13:05:57.250,2021-02-04 13:06:27.250,+17:47:25.44,+33:20:59.9,-03:29:58.91,131.576666,32.15432
2021-02-04 13:06:37.948,2021-02-04 13:07:07.948,+17:33:18.36,+26:08:59.9,-03:15:16.54,134.728451,33.255997
2021-02-04 13:07:19.092,2021-02-04 13:07:49.092,+17:03:22.68,+26:08:59.9,-02:44:39.19,136.325209,40.071365
2021-02-04 13:10:06.077,2021-02-04 13:10:36.077,+17:45:55.44,-09:51:0.1,-03:24:42.45,120.681315,44.973965
2021-02-04 13:10:46.759,2021-02-04 13:11:16.759,+18:00:57.6,-02:39:0.1,-03:39:0.93,120.85015,40.380009
2021-02-04 13:11:28.240,2021-02-04 13:11:58.240,+18:31:36.48,+11:44:59.9,-04:08:50.55,120.122114,29.73426
2021-02-04 13:12:08.692,2021-02-04 13:12:38.692,+18:46:36.84,+18:56:59.9,-04:23:7.04,117.789246,23.259095
2021-02-04 13:12:49.272,2021-02-04 13:13:19.272,+19:03:5.04,+26:08:59.9,-04:38:50.25,119.286026,16.463255
2021-02-04 13:13:29.904,2021-02-04 13:13:59.904,+19:33:0.72,+26:08:59.9,-05:08:6.33,116.712554,5.810938
2021-02-04 13:14:21.953,2021-02-04 13:14:51.953,+17:45:55.44,-09:51:0.1,-03:20:26.76,120.433748,44.211652
2021-02-04 13:15:02.602,2021-02-04 13:15:32.602,+18:00:57.6,-02:39:0.1,-03:34:44.25,119.423728,39.961707
2021-02-04 13:15:44.164,2021-02-04 13:16:14.164,+18:31:36.48,+11:44:59.9,-04:04:33.81,120.333447,30.921868
2021-02-04 13:16:24.845,2021-02-04 13:16:54.845,+18:46:36.84,+18:56:59.9,-04:18:50.33,119.610809,24.69538
2021-02-04 13:17:05.298,2021-02-04 13:17:35.298,+19:03:5.04,+26:08:59.9,-04:34:33.52,120.407527,18.308606
2021-02-04 13:17:45.938,2021-02-04 13:18:15.938,+19:33:0.72,+26:08:59.9,-05:03:49.62,117.878489,7.549509
2021-02-04 13:18:38.180,2021-02-04 13:19:08.180,+17:45:55.44,-09:51:0.1,-03:16:9.03,120.420455,45.911382
2021-02-04 13:19:18.716,2021-02-04 13:19:48.716,+18:00:57.6,-02:39:0.1,-03:30:27.55,120.746904,41.139733
2021-02-04 13:20:00.391,2021-02-04 13:20:30.391,+18:31:36.48,+11:44:59.9,-04:00:17.13,121.624573,32.3649
2021-02-04 13:20:40.842,2021-02-04 13:21:10.842,+18:46:36.84,+18:56:59.9,-04:14:33.66,119.937408,26.311343
2021-02-04 13:21:21.542,2021-02-04 13:21:51.542,+19:03:5.04,+26:08:59.9,-04:30:16.87,121.140088,20.145326
2021-02-04 13:22:01.991,2021-02-04 13:22:31.991,+19:33:0.72,+26:08:59.9,-04:59:32.92,118.873648,9.27908
2021-02-04 13:22:54.066,2021-02-04 13:23:24.066,+17:45:55.44,-09:51:0.1,-03:11:52.32,121.668076,47.095528
2021-02-04 13:23:34.511,2021-02-04 13:24:04.511,+18:00:57.6,-02:39:0.1,-03:26:10.8,121.515565,42.421812
2021-02-04 13:24:16.126,2021-02-04 13:24:46.126,+18:31:36.48,+11:44:59.9,-03:56:0.44,122.187807,33.341346
2021-02-04 13:24:56.576,2021-02-04 13:25:26.576,+18:46:36.84,+18:56:59.9,-04:10:16.95,120.520894,27.789399
2021-02-04 13:25:37.221,2021-02-04 13:26:07.221,+19:03:5.04,+26:08:59.9,-04:26:0.12,121.461945,21.681667
2021-02-04 13:26:17.936,2021-02-04 13:26:47.936,+19:33:0.72,+26:08:59.9,-04:55:16.18,119.325127,11.016166
2021-02-04 13:27:10.151,2021-02-04 13:27:40.151,+17:45:55.44,-09:51:0.1,-03:07:35.61,121.797096,48.164732
2021-02-04 13:27:50.600,2021-02-04 13:28:20.600,+18:00:57.6,-02:39:0.1,-03:21:54.08,121.562987,43.823072
2021-02-04 13:28:32.349,2021-02-04 13:29:02.349,+18:31:36.48,+11:44:59.9,-03:51:43.77,123.545416,35.133631
2021-02-04 13:29:12.797,2021-02-04 13:29:42.797,+18:46:36.84,+18:56:59.9,-04:06:0.27,121.663737,29.474327
2021-02-04 13:29:53.481,2021-02-04 13:30:23.481,+19:03:5.04,+26:08:59.9,-04:21:43.46,123.232383,23.205987
2021-02-04 13:30:34.470,2021-02-04 13:31:04.470,+19:33:0.72,+26:08:59.9,-04:50:58.54,120.392021,12.591596
2021-02-04 13:31:18.618,2021-02-04 13:31:48.618,+19:12:28.8,+04:32:59.9,-04:29:53.1,113.476286,22.191078
2021-02-04 13:31:59.091,2021-02-04 13:32:29.091,+19:27:43.56,+11:44:59.9,-04:44:23.44,111.879381,16.923779
2021-02-04 13:32:39.573,2021-02-04 13:33:09.573,+19:44:30.48,+18:56:59.9,-05:00:27,114.603815,10.919662
2021-02-04 13:33:22.449,2021-02-04 13:33:52.449,+18:44:46.32,+04:32:59.9,-04:00:6.29,118.916685,33.767358
2021-02-04 13:34:03.314,2021-02-04 13:34:33.314,+18:29:19.32,-02:39:0.1,-03:44:1.69,118.37885,36.935727
2021-02-04 13:34:44.643,2021-02-04 13:35:14.643,+19:12:28.8,+04:32:59.9,-04:26:26.55,114.080664,23.708994
2021-02-04 13:35:25.348,2021-02-04 13:35:55.348,+19:27:43.56,+11:44:59.9,-04:40:56.9,112.665963,18.505645
2021-02-04 13:36:05.799,2021-02-04 13:36:35.799,+19:44:30.48,+18:56:59.9,-04:57:0.43,116.637729,12.222196
2021-02-04 13:36:48.981,2021-02-04 13:37:18.981,+18:44:46.32,+04:32:59.9,-03:56:39.73,119.658903,34.682855
2021-02-04 13:37:29.615,2021-02-04 13:37:59.615,+18:29:19.32,-02:39:0.1,-03:40:35.12,118.165036,38.27371
2021-02-04 13:38:10.946,2021-02-04 13:38:40.946,+19:12:28.8,+04:32:59.9,-04:23:0.02,114.652988,24.382708
2021-02-04 13:38:51.547,2021-02-04 13:39:21.547,+19:27:43.56,+11:44:59.9,-04:37:30.34,113.353823,19.661459
2021-02-04 13:39:31.995,2021-02-04 13:40:01.995,+19:44:30.48,+18:56:59.9,-04:53:33.8,117.262919,13.398235
2021-02-04 13:40:15.168,2021-02-04 13:40:45.168,+18:44:46.32,+04:32:59.9,-03:53:12.18,120.247047,35.774724
2021-02-04 13:40:55.822,2021-02-04 13:41:25.822,+18:29:19.32,-02:39:0.1,-03:37:8.59,118.586293,39.33562
2021-02-04 13:41:37.411,2021-02-04 13:42:07.411,+19:12:28.8,+04:32:59.9,-04:19:32.37,116.031283,25.951035
2021-02-04 13:42:18.063,2021-02-04 13:42:48.063,+19:27:43.56,+11:44:59.9,-04:34:2.78,116.327348,21.106818
2021-02-04 13:42:58.513,2021-02-04 13:43:28.513,+19:44:30.48,+18:56:59.9,-04:50:6.27,116.983699,14.880551
2021-02-04 13:43:41.930,2021-02-04 13:44:11.930,+18:44:46.32,+04:32:59.9,-03:49:45.58,121.705316,36.939148
2021-02-04 13:44:22.641,2021-02-04 13:44:52.641,+18:29:19.32,-02:39:0.1,-03:33:40.98,119.519713,40.211048
2021-02-04 13:45:03.965,2021-02-04 13:45:33.965,+19:12:28.8,+04:32:59.9,-04:16:5.87,117.023204,27.341752
